id,y,x0,x1,x2,x3,x4,x5,x6,x7,x8,x9
133,1,0.254879,-1.046633,0.209656,0.074214,-0.441366,-0.377645,-0.485934,0.347072,-0.287570,-0.733474
273,1,-1.142928,-0.781198,-1.166747,-0.923578,0.628230,-1.021418,-1.111867,-0.959523,-0.096672,-0.121683
175,1,-1.451067,-1.406518,-1.456564,-1.092337,-0.708765,-1.168557,-1.305831,-1.745063,-0.499499,-0.302893
551,1,-0.879933,0.420589,-0.877527,-0.780484,-1.037534,-0.483880,-0.555498,-0.768581,0.433960,-0.200928
199,0,0.426758,0.723479,0.316885,0.287273,1.000835,0.962702,1.077099,1.053586,2.996525,0.961696
274,0,0.963102,1.467675,0.829202,0.772457,-0.038076,-0.468613,-0.307946,-0.015321,-0.641864,-0.247477
420,1,-0.662496,0.212149,-0.620475,-0.632995,-0.327392,-0.385278,-0.077665,-0.730362,0.217178,-0.061280
76,1,-0.453343,-2.147457,-0.473631,-0.483572,0.558093,-0.740244,-0.896170,-0.617229,-0.308601,-0.666975
315,1,-0.606584,-0.971725,-0.678558,-0.591332,-0.963013,-1.302401,-1.212855,-1.321154,-1.591501,-1.230554
399,1,-0.583805,-0.193332,-0.633283,-0.560041,-0.349310,-0.519504,-0.610669,-0.929526,-0.196974,-0.151608
0,1,0.254879,-1.046633,0.209656,0.074214,-0.441366,-0.377645,-0.485934,0.347072,-0.287570,-0.733474
1,1,-1.142928,-0.781198,-1.166747,-0.923578,0.628230,-1.021418,-1.111867,-0.959523,-0.096672,-0.121683
2,1,-1.451067,-1.406518,-1.456564,-1.092337,-0.708765,-1.168557,-1.305831,-1.745063,-0.499499,-0.302893
3,1,-0.879933,0.420589,-0.877527,-0.780484,-1.037534,-0.483880,-0.555498,-0.768581,0.433960,-0.200928
6,1,-0.662496,0.212149,-0.620475,-0.632995,-0.327392,-0.385278,-0.077665,-0.730362,0.217178,-0.061280
7,1,-0.453343,-2.147457,-0.473631,-0.483572,0.558093,-0.740244,-0.896170,-0.617229,-0.308601,-0.666975
8,1,-0.606584,-0.971725,-0.678558,-0.591332,-0.963013,-1.302401,-1.212855,-1.321154,-1.591501,-1.230554
9,1,-0.583805,-0.193332,-0.633283,-0.560041,-0.349310,-0.519504,-0.610669,-0.929526,-0.196974,-0.151608