id,y,x0,x1,x2,x3,x4,x5
133,1,0.254879,-1.046633,0.209656,0.074214,-0.441366,-0.377645
273,1,-1.142928,-0.781198,-1.166747,-0.923578,0.62823,-1.021418
175,1,-1.451067,-1.406518,-1.456564,-1.092337,-0.708765,-1.168557
551,1,-0.879933,0.420589,-0.877527,-0.780484,-1.037534,-0.48388
199,0,0.426758,0.723479,0.316885,0.287273,1.000835,0.962702
274,0,0.963102,1.467675,0.829202,0.772457,-0.038076,-0.468613
