,filename,filePath
0,1.3.6.1.4.1.14519.5.2.1.6279.6001.109002525524522225658609808059,./luna_npy/1.3.6.1.4.1.14519.5.2.1.6279.6001.109002525524522225658609808059.npz
1,1.3.6.1.4.1.14519.5.2.1.6279.6001.188209889686363159853715266493,./luna_npy/1.3.6.1.4.1.14519.5.2.1.6279.6001.188209889686363159853715266493.npz
2,1.3.6.1.4.1.14519.5.2.1.6279.6001.219087313261026510628926082729,./luna_npy/1.3.6.1.4.1.14519.5.2.1.6279.6001.219087313261026510628926082729.npz
3,1.3.6.1.4.1.14519.5.2.1.6279.6001.303421828981831854739626597495,./luna_npy/1.3.6.1.4.1.14519.5.2.1.6279.6001.303421828981831854739626597495.npz
4,1.3.6.1.4.1.14519.5.2.1.6279.6001.108197895896446896160048741492,./luna_npy/1.3.6.1.4.1.14519.5.2.1.6279.6001.108197895896446896160048741492.npz
5,1.3.6.1.4.1.14519.5.2.1.6279.6001.213140617640021803112060161074,./luna_npy/1.3.6.1.4.1.14519.5.2.1.6279.6001.213140617640021803112060161074.npz
